USER_UUID,'83d91a0a-6a92-47f5-9eed-ae26a594a647','0367c168-ac79-4dc7-84c4-d44b653ba68e','f5915c80-d3bc-4801-86d3-9ac00b9e41ae','a9e85627-81e8-4c27-bcdf-e9a34b66329e','e6926645-d006-4742-8397-d4e415e8678f','259ebe96-71cd-4e3f-a14c-0e174ffcbcec','d6b6769d-b02e-4ca7-9702-1e390006d293','5367c1a1-6322-457f-84b0-51b5301d48b4','9083f6c2-b037-488e-9096-194b209b5805','88d80727-970c-440a-a2c9-ad96e423cc13','c88d205a-7ddc-4b1b-8ea4-87e717b25230','31c97060-5518-4180-b74b-100f54e24ab1','52438211-603f-4f15-aa31-0db896ca3c18','a1a0a05d-e697-473d-9c02-6e6172283808','8ca3be93-7f70-45e5-a735-e4a2bda881c7','3e00cf89-d570-439a-919d-9fce068c9fc5','b8e60170-0dc1-4ca7-8c62-89b97e615d1d','9280a25f-35a1-44e1-9272-c6becb96c0ba','7bb2223c-84cb-46ec-8573-794021238886','16f344c7-38b6-490a-9477-886a06e6ef60','ff36935c-71b6-4310-a571-ccb358a77b3c','0de887ca-2972-4e04-a644-1cc63260bc65','b76b6589-4e8a-4c5c-961a-2d50a28aa034','1fa2b1a3-1a6e-470f-ad67-80e9ca5a8ce2','75eb0a77-6e3b-492c-81bd-791cf41aa09d','0fb977dd-8faf-4be7-9add-d043b747b945','0bc2b687-560f-4fbf-ab1e-35b76e545c43','77634265-6bcf-479c-92c3-a88cffd7f7b0','be9f23f9-5baa-494b-b41f-62f122e46782','9319c616-2822-4971-875a-837dd5ae6653','bcf492fd-1197-468b-b486-41e00f324d43','682d3673-2e82-4dd1-8dee-b8fe1394f74e','720a4f66-0e7f-472a-a90f-8a2b9063b629','84e9ecdd-030a-44ea-b1fd-539a052a09f3','a977416d-b2a5-4971-a914-99bfe854aadb','1639cde5-678c-469e-928d-9ad67f968bfc','d96db84d-052a-4117-9351-439afc3b62ae','da073e30-79e1-4742-8a16-5dbedb87b7e4','1af17e73-fd96-4722-b32b-336c903b9211','a5afda52-0475-4e0b-a830-aa929ac55fbd','c1a57b98-261f-423c-b2ac-4ae8b2c14356','38b3b679-009c-4951-9567-8002f7b969dd','fad894b3-179a-470a-b340-f744cebcffb3','3b63aad5-6742-43a3-a68e-8e9bb5833de1','98933de2-b3d5-499e-8de4-65e78303c135','2d9cede1-95b0-4da6-b405-73cc58c16333','3bc9df3c-694a-4562-a8a8-445730340eed','05cbacf9-1988-4b9a-bc63-3f6442a2500d','be87911f-fe7b-48a0-9319-1b8e6034230a','9752bba4-7ce3-4c1a-9c1e-254cb386b0fb','ab6e8115-d5f3-41c3-a5d7-2e3edc413d4e','3ff8d2bc-9c68-4fce-9faf-1b80ca33b153','f1262691-7c94-403a-8a64-d6563bcaf387','d2648054-267c-44f6-b178-5ff07624a64e','90441dc4-5ad0-483b-bb49-27a9466c07cf','2c71a858-5901-469c-b34f-aef5597db577','e83c391b-c935-4a1b-a5d1-f18a7a9ae200','e22d4f28-5254-4e17-8256-a2252457d4dc','296694ca-df57-4bc4-9a0c-f7a72a59a65e','9c649911-7040-4868-8d17-2409d52d512a','e7f7fba6-02c0-4df6-8f19-ffd6625d8d14','c5e8972c-fa66-49d6-b266-e2bf8958a65a','de3df29a-f878-4ea1-b8d8-3d8988d5e91b','d76257f8-d9b0-4da4-bc9a-93fc126f8a40','1fad83c2-fc73-427d-99af-c1f732159e5d'
05ab89b7-c20f-43cc-8641-f8ee38f80d6e,0.0,0.0,,,,0.0,,,0.0,,1.0,0.0,,,,1.0,,0.0,0.0,,1.0,0.0,0.0,,0.0,0.0,1.0,,,,,0.0,,0.0,,0.0,,,,,,1.0,1.0,0.0,0.0,,0.0,1.0,,1.0,,,,,,,1.0,0.0,,,1.0,,,,0.0
08460fcf-cd45-4b79-9fb8-fc9c564a2f73,0.0,,,,,,,1.0,1.0,1.0,,0.0,,1.0,,0.0,,0.0,1.0,,,,1.0,1.0,1.0,,1.0,,,1.0,1.0,0.0,0.0,,,,,,,,,,1.0,,1.0,,1.0,1.0,,,1.0,,,,,,1.0,,1.0,1.0,0.0,,,,1.0
1291b846-6d39-45c0-86aa-04d2ba50bfa7,,,,1.0,,,,,1.0,,0.0,,,,,1.0,,0.0,1.0,,,,,0.0,1.0,0.0,1.0,,,0.0,1.0,0.0,0.0,,1.0,,,,,1.0,,,,1.0,0.0,1.0,0.0,1.0,,1.0,,,,1.0,,,1.0,,1.0,,1.0,1.0,,,
13067a10-cc6e-47d2-9611-49150ce74629,0.0,1.0,,,,1.0,1.0,1.0,0.0,,,0.0,,,1.0,1.0,,0.0,1.0,,,,1.0,1.0,,,,,,1.0,1.0,0.0,,,1.0,,,,,,,,0.0,1.0,,,1.0,1.0,,,,,,,,,1.0,0.0,1.0,1.0,1.0,,,,1.0
15afabfb-530d-486f-9812-20b27e082abb,0.0,1.0,,,,1.0,0.0,,1.0,,,,,,1.0,1.0,,0.0,,,,0.0,0.0,0.0,,,0.0,,,1.0,1.0,,,,1.0,,,1.0,1.0,,,,,,0.0,,1.0,1.0,1.0,1.0,,,,,,,,,0.0,1.0,1.0,1.0,,,0.0
1651bac6-08db-498e-b612-de947e265a04,0.0,1.0,,,,1.0,,1.0,,1.0,1.0,1.0,,1.0,,1.0,1.0,0.0,,,,,0.0,,0.0,,,,,1.0,0.0,0.0,,,,,,,,1.0,,,,,1.0,,1.0,1.0,,1.0,1.0,,,,,,0.0,,1.0,,0.0,1.0,,,1.0
1a8b7dc5-11a1-4505-9db3-27835f7d2638,1.0,1.0,,,0.0,,,,1.0,,,,0.0,,,0.0,0.0,,,,,0.0,,,,1.0,,0.0,0.0,1.0,0.0,,,,,,0.0,,,,1.0,,0.0,,,,1.0,,,1.0,,0.0,,0.0,,,1.0,,1.0,0.0,1.0,1.0,,1.0,0.0
1d649946-38f5-4237-bd4f-55b418cb31fa,0.0,0.0,,,,1.0,1.0,,0.0,,,0.0,,,,0.0,,,,,,,0.0,0.0,0.0,1.0,1.0,,,1.0,0.0,,,,0.0,0.0,,,1.0,,,,0.0,0.0,,,1.0,1.0,,0.0,1.0,,,,,,0.0,0.0,0.0,1.0,1.0,0.0,,,1.0
2005345f-de45-4509-ad61-6a749d34d287,0.0,0.0,,,,1.0,,1.0,1.0,1.0,,,,,1.0,1.0,,,,,,,1.0,,0.0,1.0,,,,0.0,1.0,,,1.0,,,,,1.0,,,,0.0,,1.0,1.0,,0.0,,0.0,,,,,,,1.0,0.0,1.0,1.0,1.0,0.0,,,1.0
204603e7-f571-4278-ae1c-f34c16108e15,,1.0,,,,1.0,,,0.0,,,1.0,,,,1.0,,0.0,,,,1.0,0.0,,0.0,1.0,0.0,,,1.0,0.0,0.0,0.0,,,,,,1.0,,,,1.0,,0.0,,0.0,1.0,,1.0,,,,,,,0.0,1.0,1.0,,0.0,1.0,,,1.0
2230338b-3b12-4e2a-91ef-d5a28ce4bf98,0.0,0.0,,,,1.0,1.0,,0.0,,,,,,1.0,1.0,,0.0,,,1.0,,,,0.0,1.0,,,,0.0,0.0,0.0,,1.0,1.0,,,,1.0,,,,0.0,,,,1.0,0.0,,1.0,,,,,,,0.0,0.0,1.0,1.0,0.0,1.0,,,0.0
22ea53d6-c49a-4595-9396-25871e31648d,0.0,1.0,0.0,,,1.0,,,0.0,0.0,,0.0,0.0,,,1.0,,,,,,,0.0,1.0,,1.0,1.0,,,1.0,1.0,0.0,0.0,,,,,,,,,,0.0,,,,1.0,,,,,0.0,,,,,,1.0,1.0,,0.0,1.0,1.0,0.0,1.0
24f45048-b31b-45de-94a7-f3a972012723,1.0,,,,,,1.0,0.0,1.0,,0.0,1.0,,0.0,0.0,,,1.0,1.0,,,1.0,1.0,1.0,0.0,1.0,0.0,,,0.0,0.0,0.0,,,,,,,1.0,,,1.0,0.0,,,,1.0,,1.0,1.0,0.0,,,,,,,1.0,1.0,,1.0,,,,1.0
2bb646c2-5972-4f52-8191-a13f33a6899f,0.0,0.0,,,,,0.0,,0.0,,,0.0,,,,1.0,,,,,,0.0,0.0,1.0,0.0,,1.0,,,1.0,,0.0,,,1.0,,,1.0,1.0,,1.0,,0.0,1.0,,0.0,0.0,,0.0,1.0,,,,,1.0,,,0.0,1.0,,0.0,,,,
30a8fc7a-0990-4425-bc16-7bbb6347c915,0.0,,,,,1.0,1.0,,0.0,,,,,,,0.0,,0.0,1.0,,,,0.0,0.0,0.0,1.0,1.0,,,1.0,0.0,0.0,0.0,,,,1.0,,0.0,,,,1.0,1.0,0.0,,1.0,1.0,,,,,,,,,0.0,,0.0,1.0,0.0,0.0,,,1.0
33f35daf-16dd-47cf-aa67-9c69d3ad97de,1.0,,,,,0.0,,,1.0,,0.0,,,1.0,,1.0,,0.0,1.0,,,0.0,1.0,1.0,1.0,0.0,1.0,,,0.0,1.0,1.0,0.0,,,,,,1.0,,,1.0,,1.0,,,1.0,,,1.0,,,,,,,,1.0,1.0,1.0,0.0,,,,1.0
356a6024-ee44-4be2-8267-091d22385b60,0.0,1.0,,1.0,,1.0,1.0,,0.0,1.0,,,,,1.0,1.0,1.0,0.0,,,,,0.0,,,1.0,1.0,,,0.0,0.0,,0.0,1.0,1.0,,,,0.0,,,0.0,0.0,,,,0.0,1.0,,1.0,,,,,,,0.0,1.0,,,0.0,1.0,,,0.0
35fdc8c7-d02d-4a3b-a993-6aebfc5a1699,,0.0,,,,0.0,1.0,,1.0,,,,,,0.0,0.0,,0.0,,,,,,0.0,0.0,1.0,0.0,1.0,,0.0,1.0,,0.0,,,,,,0.0,,,0.0,1.0,0.0,,,,0.0,,0.0,,,,,,,1.0,0.0,1.0,1.0,1.0,0.0,,,0.0
38104f2d-fc40-4fd5-b6b2-13f46b15cc03,0.0,1.0,,,,,,,0.0,,,,,,,1.0,1.0,0.0,,,,,0.0,,0.0,1.0,1.0,,,0.0,0.0,0.0,,,,,,1.0,1.0,,0.0,,1.0,0.0,,,,1.0,,0.0,0.0,,,1.0,,,,1.0,1.0,1.0,1.0,,,,0.0
38d3a68c-e759-4a54-9ed8-b73e9f1df6dd,0.0,,,,,0.0,,,1.0,1.0,0.0,0.0,,1.0,,1.0,,0.0,,,,,0.0,,0.0,0.0,1.0,,,0.0,1.0,0.0,1.0,,,,,,1.0,,,,1.0,,,,1.0,1.0,,1.0,,,,,,,1.0,1.0,1.0,1.0,1.0,,,,
3c484945-da5a-4db3-8018-d6ec27c28db9,,1.0,1.0,,,1.0,1.0,,0.0,1.0,,,0.0,,1.0,0.0,1.0,0.0,,,,,1.0,1.0,0.0,,1.0,0.0,,1.0,,0.0,0.0,,1.0,,,,1.0,,1.0,,,1.0,,,1.0,,,1.0,,,1.0,,,1.0,0.0,,,,1.0,1.0,,,
3d0c924a-fd50-45eb-b9de-34dfee2e375c,1.0,1.0,,,,1.0,,0.0,1.0,1.0,,,,0.0,,1.0,,0.0,,,,,,0.0,1.0,,1.0,,,1.0,,0.0,0.0,,,,1.0,,1.0,,,1.0,1.0,1.0,,0.0,1.0,1.0,,,,,,,,,1.0,1.0,,1.0,1.0,1.0,,,1.0
3d233ca3-c7f8-4829-89fe-a1b612a181a2,0.0,,,1.0,,,,0.0,,,0.0,0.0,,0.0,,,1.0,1.0,1.0,,,,0.0,,0.0,1.0,1.0,,,1.0,,0.0,0.0,,0.0,0.0,,,1.0,,,,,0.0,,0.0,,,,,0.0,,,,,,1.0,1.0,,1.0,1.0,,,,0.0
3e1bc697-8d79-4656-a5fb-a5eba562c355,,1.0,,,,1.0,1.0,,0.0,1.0,,,,,,1.0,,0.0,1.0,,,,0.0,1.0,0.0,1.0,1.0,,,1.0,0.0,0.0,0.0,,,,,,1.0,,,,1.0,,,,1.0,1.0,,,1.0,,,,,,0.0,1.0,1.0,1.0,0.0,1.0,,,
438a2884-1986-47fd-bdbe-d3a821967a0e,0.0,1.0,,,,1.0,1.0,,0.0,0.0,0.0,,,,1.0,1.0,,0.0,,,1.0,,,,0.0,0.0,1.0,,,1.0,0.0,0.0,0.0,1.0,1.0,,,,1.0,,,,0.0,1.0,,,1.0,,,0.0,,,,,,,,1.0,1.0,1.0,,1.0,,,
48359567-6d13-4492-b78a-6b7a5bef7317,0.0,,,,,1.0,1.0,1.0,1.0,1.0,0.0,0.0,,1.0,1.0,1.0,,0.0,,,,1.0,0.0,0.0,0.0,1.0,1.0,,,0.0,0.0,0.0,0.0,,,,,,1.0,,,,0.0,0.0,0.0,,,,,,,,,,,,1.0,1.0,1.0,1.0,1.0,,,,0.0
4a0e8dd9-56db-4f43-8514-d02ce89fa5ae,,0.0,1.0,1.0,,1.0,0.0,,,,,,,,0.0,0.0,,0.0,,0.0,1.0,,1.0,,,1.0,,,,0.0,0.0,,,0.0,1.0,,0.0,0.0,0.0,,,1.0,,,0.0,,1.0,1.0,,0.0,0.0,,,,,,,0.0,1.0,,,0.0,,,
4b183c4b-7bd7-4093-a7d2-0f03c5a1d51c,0.0,,,,,1.0,,0.0,0.0,,1.0,1.0,1.0,1.0,,1.0,,0.0,1.0,,,,1.0,0.0,0.0,,,,,1.0,1.0,0.0,0.0,,,0.0,,,,,,,,,,0.0,1.0,1.0,,1.0,0.0,,,,,,,1.0,,1.0,0.0,,,,1.0
4e90b672-3120-4736-9176-1ddf56a68c5b,0.0,,1.0,,,1.0,1.0,,0.0,1.0,1.0,,0.0,,,1.0,,0.0,,,,,0.0,1.0,0.0,,1.0,,0.0,1.0,0.0,,,,1.0,,,,1.0,,,,,,,,1.0,1.0,,1.0,0.0,1.0,0.0,,,,0.0,1.0,,1.0,,1.0,,,0.0
50c7f567-ddf6-4786-b86c-102dd377aba6,0.0,1.0,,,,,,,0.0,1.0,1.0,,1.0,1.0,,1.0,,0.0,,,,0.0,1.0,,1.0,1.0,1.0,,,0.0,0.0,1.0,0.0,,1.0,0.0,,,,1.0,,,1.0,1.0,0.0,,1.0,1.0,,1.0,,,1.0,,,,0.0,1.0,,1.0,0.0,1.0,,,0.0
51f980ca-d8ba-4d2d-9f4e-59f4735bc564,,0.0,,,,0.0,0.0,,0.0,,,,,,0.0,1.0,,0.0,,0.0,1.0,,,,0.0,1.0,,,,1.0,0.0,0.0,,0.0,1.0,,,,0.0,,,1.0,1.0,,,,1.0,1.0,,0.0,,,,,,1.0,0.0,0.0,1.0,0.0,0.0,0.0,,,
5e31fbeb-0cc5-41eb-a369-8f85b8819a00,1.0,1.0,1.0,,,1.0,0.0,,1.0,,1.0,,,,,0.0,,0.0,,,,0.0,,,0.0,0.0,0.0,,,1.0,0.0,0.0,0.0,,1.0,,,,1.0,,,1.0,1.0,0.0,,,0.0,,,,,,,1.0,1.0,,,1.0,,,1.0,0.0,,,
610a2429-c452-4661-89c6-a8980dac0073,,1.0,,,,1.0,0.0,0.0,1.0,1.0,0.0,,,,0.0,1.0,,0.0,,,0.0,,,,0.0,1.0,,,,0.0,0.0,1.0,,,,,,,,,,,1.0,,1.0,,0.0,1.0,,0.0,0.0,1.0,,,,,1.0,,,1.0,1.0,0.0,,,
61a2aba1-1ca1-4b2f-985e-75476d2e7b8e,,0.0,,,,0.0,1.0,,0.0,,,,,,,1.0,,0.0,,1.0,,1.0,0.0,0.0,0.0,1.0,0.0,,,1.0,0.0,,,,1.0,,,,1.0,,,0.0,0.0,0.0,,,0.0,1.0,,1.0,,,,,,,1.0,0.0,,1.0,,0.0,,,0.0
61e0a084-a050-4ca8-9bf7-109cc41754f9,1.0,0.0,,,,,,0.0,0.0,0.0,0.0,0.0,,,,1.0,1.0,0.0,0.0,,,,0.0,,0.0,,1.0,,,1.0,,0.0,0.0,,,0.0,,,1.0,1.0,,,0.0,,,,,,0.0,1.0,0.0,,,1.0,,1.0,0.0,0.0,1.0,1.0,0.0,1.0,,,0.0
67908311-5563-4f90-8bc1-acf6553eb5f2,0.0,,,,,1.0,1.0,,0.0,1.0,,,,,,1.0,,,0.0,,,,0.0,0.0,0.0,1.0,1.0,1.0,,1.0,,0.0,,,0.0,,,,1.0,,,,0.0,,,1.0,1.0,,,0.0,1.0,,,0.0,,,0.0,,1.0,1.0,,1.0,,,1.0
6e49da68-51db-4ad7-b6e0-7d6f275c724a,0.0,1.0,,,,,,,0.0,1.0,,0.0,,0.0,,1.0,,0.0,0.0,0.0,,,0.0,,0.0,,,,,0.0,0.0,0.0,,1.0,,1.0,,,,,,,,1.0,,,1.0,,,1.0,1.0,,,1.0,,,0.0,1.0,1.0,,0.0,1.0,,,1.0
6f6f8bc7-2e3b-4d4c-9ad8-622ef5e51af0,0.0,1.0,,,,0.0,,,0.0,0.0,0.0,,,,1.0,1.0,,0.0,,,,,0.0,,0.0,1.0,,,,1.0,0.0,0.0,0.0,,0.0,,,,,,,1.0,1.0,1.0,,,1.0,1.0,,1.0,,,,,,,0.0,1.0,1.0,1.0,0.0,1.0,,,0.0
70e7d63f-0f96-4540-b387-beed354c4263,1.0,0.0,,0.0,,,0.0,0.0,,1.0,,,,,1.0,0.0,0.0,0.0,,0.0,0.0,1.0,1.0,,0.0,1.0,0.0,,,1.0,0.0,,,0.0,0.0,,,,,,,,1.0,,,,0.0,,,0.0,0.0,,,,,,0.0,1.0,,,0.0,0.0,,,
7475cf16-81b6-4900-a365-165d3fbe9981,0.0,0.0,,,,0.0,0.0,,,,1.0,0.0,,,,0.0,,0.0,1.0,0.0,,,0.0,,0.0,0.0,0.0,,,,1.0,,1.0,0.0,1.0,,,,0.0,,,0.0,,,,,0.0,1.0,,,,,,,,,1.0,1.0,1.0,,0.0,0.0,,,
798b1667-f928-4127-bd58-37353d99fab6,0.0,1.0,,1.0,,1.0,1.0,,1.0,,,,,,0.0,0.0,,0.0,,1.0,0.0,,0.0,,,0.0,0.0,,,0.0,1.0,,,1.0,1.0,,,,,,,,0.0,0.0,,,0.0,0.0,,0.0,0.0,,,,,,0.0,0.0,,,,1.0,,,1.0
7bfd7415-04ed-4b7a-9c69-46069bbf8e8c,0.0,,1.0,,,1.0,,,1.0,1.0,,,0.0,0.0,,1.0,,0.0,0.0,,,,,0.0,0.0,1.0,1.0,,,1.0,,0.0,,,,,,,1.0,,,,1.0,1.0,,,0.0,,,,,0.0,,,1.0,,0.0,,1.0,1.0,1.0,1.0,,,
7d0cb8a9-adc1-4f3a-abf6-e70f1a067657,0.0,0.0,,,,,,,1.0,,,0.0,,0.0,,1.0,,0.0,,,,0.0,0.0,1.0,0.0,1.0,0.0,,,0.0,1.0,,0.0,,,,,,1.0,,,,,,,,1.0,1.0,,1.0,0.0,,,,,,1.0,1.0,1.0,1.0,1.0,,,,1.0
7e79df4b-557e-4d4a-b540-08259ee02647,1.0,1.0,,,,1.0,1.0,0.0,1.0,1.0,1.0,1.0,,,,1.0,,0.0,,,,,1.0,1.0,1.0,,0.0,,,1.0,1.0,,0.0,,,,,,1.0,,,,,,,1.0,,1.0,,,0.0,,,1.0,,,,1.0,1.0,1.0,1.0,1.0,,,
7f9362ad-b055-40a9-aa19-5125ee976975,0.0,1.0,,,,1.0,,,0.0,,1.0,0.0,,,,1.0,,,,,,0.0,,,0.0,1.0,1.0,,,0.0,,1.0,0.0,,1.0,,,,1.0,,1.0,,,0.0,,,0.0,,1.0,,,,1.0,,,,1.0,,0.0,1.0,0.0,1.0,,,0.0
82f03c5f-d352-40f6-932a-439b36b9cba2,,1.0,,,,1.0,1.0,,0.0,1.0,,,,,1.0,1.0,,0.0,,1.0,1.0,,,,1.0,1.0,1.0,,,0.0,0.0,,0.0,1.0,0.0,,,,0.0,,1.0,1.0,,1.0,,,0.0,,,1.0,,,,,,,0.0,0.0,1.0,1.0,0.0,0.0,,,0.0
83c78a7e-97f0-461d-a0aa-d84ff7bbbf95,1.0,,,,,1.0,,0.0,0.0,0.0,0.0,0.0,,0.0,,1.0,,0.0,0.0,,,,0.0,0.0,0.0,1.0,1.0,,,1.0,0.0,0.0,0.0,,1.0,1.0,,,1.0,,,,1.0,1.0,0.0,0.0,1.0,,,,0.0,,,,,,0.0,,1.0,1.0,0.0,1.0,,,0.0
83cba40a-9594-4589-8c63-11c6cdd13f3a,1.0,,,,,,1.0,,1.0,,0.0,,,,1.0,1.0,,1.0,,,1.0,,1.0,0.0,1.0,1.0,1.0,,,0.0,1.0,1.0,,,1.0,,,,1.0,,,,,0.0,,0.0,0.0,1.0,1.0,,,,,,,,0.0,1.0,1.0,0.0,,0.0,,,
853bd466-f56d-4a5d-90a9-bbb9e76fb481,0.0,1.0,,,,,1.0,,,,0.0,,,,,1.0,,0.0,1.0,,1.0,,0.0,,0.0,0.0,1.0,,,0.0,1.0,0.0,0.0,,,1.0,,,1.0,,,,1.0,,0.0,,,,,1.0,0.0,1.0,,,,,1.0,,1.0,,1.0,,,,1.0
87471bf3-82b7-4e62-b85d-37efe07987b0,0.0,,,,,,,0.0,1.0,1.0,,,,,,0.0,1.0,0.0,,,,,1.0,1.0,0.0,1.0,1.0,,,1.0,0.0,1.0,0.0,,,,,,,,,,1.0,0.0,,0.0,1.0,,1.0,1.0,0.0,,,,1.0,,1.0,1.0,1.0,1.0,0.0,,,,1.0
8841fc0a-de71-4e36-80ba-d5b176423926,0.0,1.0,1.0,,,1.0,1.0,,,0.0,0.0,,,,1.0,0.0,,0.0,,0.0,,,1.0,,0.0,1.0,1.0,,,0.0,0.0,0.0,0.0,0.0,1.0,,,,0.0,,,1.0,1.0,1.0,,,1.0,0.0,,1.0,,,1.0,,,,0.0,0.0,,,,0.0,,,
887686ce-cf6c-47c6-aa04-7dfc98d6e5e3,0.0,1.0,,,,1.0,1.0,0.0,0.0,,,0.0,,,,1.0,,1.0,0.0,,1.0,,1.0,0.0,1.0,0.0,1.0,,,1.0,0.0,,,,1.0,,,,,,,,1.0,1.0,,,0.0,1.0,,1.0,,,,,,,0.0,0.0,1.0,1.0,0.0,1.0,,,0.0
8f3001e1-d7a1-4451-bba2-8d7e87945d59,0.0,,,,,1.0,1.0,,,,,0.0,,,1.0,0.0,,,,1.0,,0.0,0.0,,1.0,1.0,0.0,,,1.0,0.0,0.0,,,,,,,1.0,,,,0.0,1.0,,0.0,1.0,1.0,,1.0,,,,,,,0.0,0.0,1.0,0.0,,1.0,,,
8f834735-476d-49e6-ad2c-ca055b392c1e,0.0,,,,,,1.0,0.0,1.0,1.0,,0.0,,1.0,,0.0,,0.0,,,,0.0,0.0,1.0,,1.0,0.0,,,0.0,1.0,0.0,0.0,,,0.0,,,1.0,,,,0.0,1.0,0.0,,,,,0.0,,,,,,,0.0,1.0,,,1.0,,,,0.0
90fd6672-4ad9-4894-9bbe-9a8fbc3d91a2,,0.0,,,,1.0,0.0,,1.0,0.0,,,,,1.0,1.0,,1.0,,1.0,,0.0,1.0,1.0,,,1.0,,,1.0,1.0,1.0,,,1.0,,,,1.0,,,0.0,1.0,,1.0,,,,1.0,,1.0,,,,,1.0,1.0,1.0,1.0,,1.0,,,,0.0
924c9188-8e7a-427a-9530-5a188d2471fb,,1.0,,1.0,,1.0,1.0,,,,,1.0,,,0.0,1.0,,0.0,,,1.0,,0.0,,0.0,,1.0,,,1.0,0.0,0.0,,0.0,0.0,,,,1.0,,,0.0,0.0,,,,0.0,0.0,,,,,,,,,0.0,1.0,1.0,,0.0,1.0,,,0.0
94ceb0a7-7082-4ca9-a625-f379744a67d8,0.0,0.0,,1.0,,0.0,0.0,,,,0.0,1.0,,,1.0,0.0,,0.0,,1.0,,,,,,1.0,0.0,,,1.0,0.0,0.0,0.0,,1.0,,,,0.0,,,,,,0.0,,0.0,0.0,1.0,,,,,,,,,1.0,0.0,0.0,,1.0,,,
9565cf19-847d-4551-92dc-9d4ecb9b8143,1.0,1.0,,,,0.0,1.0,,0.0,0.0,1.0,,,,0.0,0.0,,,0.0,,,,0.0,,,1.0,1.0,,,1.0,0.0,0.0,0.0,,1.0,,,,1.0,0.0,,,,,,,1.0,1.0,1.0,1.0,,,1.0,,,,0.0,0.0,1.0,1.0,,0.0,,,0.0
97a5c2d3-1cb8-4a39-9aa3-f1f489d087f1,0.0,1.0,,,,1.0,1.0,,1.0,0.0,,0.0,,,,0.0,,0.0,1.0,,,,,0.0,,0.0,0.0,,,0.0,1.0,1.0,0.0,,,,,,1.0,,,,0.0,,,,0.0,1.0,,1.0,,,,,,,1.0,1.0,0.0,1.0,1.0,1.0,,,0.0
97daa540-294c-46c0-89c7-079fcf745d15,0.0,,,,,1.0,,,1.0,1.0,1.0,,,,,1.0,,0.0,,,,,0.0,,0.0,,1.0,,,0.0,0.0,0.0,0.0,,,,,,1.0,,,,1.0,1.0,0.0,,,1.0,,1.0,0.0,,,,,,0.0,1.0,1.0,,0.0,1.0,,,0.0
9b0a237f-0c1b-41eb-98be-a2dbee3dec02,1.0,,,0.0,,,,,1.0,,,,,,,1.0,0.0,1.0,,,1.0,,,,0.0,1.0,1.0,1.0,,1.0,1.0,0.0,1.0,,,,,,0.0,,,,1.0,,,,1.0,,0.0,,,,,,1.0,0.0,1.0,1.0,,1.0,0.0,1.0,,,0.0
9ef0ba7f-84a4-48c3-96e5-64be5cdffe04,0.0,1.0,,,,1.0,1.0,,,,0.0,,,0.0,1.0,1.0,,0.0,0.0,,,,1.0,,0.0,1.0,1.0,,,1.0,1.0,0.0,0.0,,,,,,1.0,,,,0.0,1.0,,,1.0,,,,0.0,,,,,,0.0,1.0,1.0,,1.0,,,,
a7f37e26-c6a2-42c1-9ef7-466143d0ee14,,1.0,,,,,1.0,,0.0,,1.0,,,1.0,1.0,,,0.0,,,1.0,,0.0,0.0,0.0,1.0,1.0,,,1.0,1.0,0.0,,1.0,,,,,1.0,,,1.0,0.0,0.0,,,1.0,1.0,,1.0,,,,,1.0,,0.0,1.0,,,,1.0,,,0.0
a823dfa3-f151-4926-a1f7-5e23401336da,0.0,0.0,,,,0.0,0.0,,,,,0.0,,,1.0,0.0,,,,,1.0,,0.0,,,0.0,0.0,,,,0.0,0.0,0.0,,,,,,1.0,,1.0,1.0,0.0,0.0,,,0.0,,,,,,1.0,,,,0.0,,0.0,1.0,0.0,,,1.0,0.0
aaecd3c7-41f4-4f3f-90ad-b28528835096,0.0,,,,,,1.0,0.0,1.0,,1.0,1.0,,,,0.0,,0.0,1.0,,,0.0,1.0,1.0,0.0,1.0,,,,0.0,0.0,0.0,0.0,,,1.0,,,,,,,0.0,0.0,1.0,0.0,1.0,,,1.0,0.0,,,,,,,,,,1.0,0.0,,,
ad1cdc9d-3883-4d33-9813-d95feae85e61,,,,,,0.0,1.0,,1.0,,1.0,1.0,,,1.0,1.0,,1.0,,,,0.0,0.0,1.0,0.0,0.0,,,,1.0,1.0,0.0,0.0,,0.0,,,,1.0,,,1.0,1.0,,,,0.0,1.0,,1.0,,,,,,,1.0,1.0,0.0,1.0,1.0,1.0,,,0.0
aeaaf60c-aa54-4b64-8fe9-42aaf1f61576,0.0,,,,,1.0,,,0.0,,,,,,,1.0,,0.0,0.0,,,,0.0,,0.0,1.0,1.0,,,1.0,0.0,0.0,0.0,,,1.0,,,1.0,,,,0.0,,,,1.0,1.0,,,0.0,,,,,,0.0,1.0,1.0,1.0,0.0,1.0,,,0.0
b08fd9b5-b1bb-4d42-a54c-08c5446945e0,0.0,,,,,,1.0,,1.0,,0.0,1.0,1.0,,1.0,0.0,,1.0,0.0,,,,0.0,,,1.0,1.0,,1.0,1.0,1.0,,0.0,,1.0,,,,,,,1.0,1.0,,,,0.0,1.0,,,,,,,,,0.0,0.0,1.0,1.0,1.0,0.0,,,
b14da58a-a116-4295-ba2e-99237bb6dae1,,,,,,0.0,,,0.0,,,0.0,,,0.0,0.0,,0.0,0.0,,,,0.0,,0.0,1.0,1.0,,,0.0,0.0,0.0,0.0,,1.0,1.0,,,1.0,,1.0,0.0,0.0,,0.0,,0.0,0.0,,1.0,,,,,,,0.0,1.0,1.0,1.0,,,,,
b5201346-6f9c-4ca0-b14f-735217a75f5c,0.0,,,,,1.0,0.0,,1.0,0.0,0.0,,,0.0,1.0,1.0,,0.0,0.0,,,,0.0,,1.0,0.0,,,,1.0,1.0,,1.0,,0.0,,,,0.0,,,0.0,1.0,,,,,1.0,,0.0,,,,,,,0.0,1.0,0.0,,1.0,,,,
b5d45265-fcf9-4eb4-a262-440cf558a731,0.0,1.0,,,,,1.0,1.0,,1.0,1.0,,,1.0,,1.0,,0.0,,,1.0,0.0,1.0,0.0,1.0,1.0,,,,1.0,0.0,0.0,0.0,,,,,,,,,,,,0.0,,0.0,1.0,,,1.0,,,,,,1.0,1.0,0.0,1.0,0.0,1.0,,,
c546c1ba-e2e7-4a6a-8d3d-ac56804767ba,,1.0,,,,1.0,0.0,,1.0,,,,1.0,,1.0,0.0,,,,,,,,,0.0,0.0,1.0,0.0,,0.0,0.0,,,,1.0,,,1.0,0.0,0.0,1.0,1.0,0.0,,,,0.0,1.0,,0.0,,,1.0,1.0,,,1.0,,1.0,0.0,1.0,1.0,,,0.0
ca03a483-294b-471f-b8ff-f174058367aa,0.0,,,,,1.0,,,0.0,,1.0,,,1.0,1.0,,,0.0,1.0,1.0,1.0,,0.0,,0.0,1.0,1.0,,,0.0,0.0,0.0,0.0,,1.0,,,,1.0,,,,1.0,1.0,,,1.0,0.0,,0.0,,,,,,,1.0,1.0,1.0,,0.0,1.0,,,0.0
ca84124e-f233-4ddf-8f61-4e4f36bc1c90,0.0,1.0,,,,1.0,1.0,0.0,0.0,,,,,,1.0,1.0,,,,,1.0,0.0,0.0,,0.0,1.0,,,,0.0,0.0,0.0,0.0,,0.0,0.0,0.0,0.0,1.0,,,1.0,1.0,1.0,0.0,,,1.0,,,0.0,,,,,,1.0,1.0,1.0,1.0,0.0,1.0,,,1.0
cbb59972-2b1a-4e53-a367-96e489d33cd6,1.0,,,,,1.0,1.0,,0.0,0.0,1.0,,,0.0,,1.0,1.0,0.0,0.0,,1.0,,,,1.0,1.0,1.0,,1.0,0.0,,0.0,,,,,,,1.0,,,0.0,,,,,1.0,1.0,,0.0,,,,,,,,0.0,1.0,,,1.0,,1.0,
cbb6f50e-639f-44f8-8dff-33b3422d3a60,1.0,0.0,,,,0.0,1.0,,0.0,,,0.0,,,1.0,1.0,,1.0,,,1.0,,,0.0,0.0,1.0,0.0,,,1.0,0.0,,1.0,,,,,1.0,1.0,,,,,,,0.0,0.0,0.0,1.0,,,,1.0,,,,0.0,0.0,0.0,,,1.0,,,0.0
ce838868-0243-4a3e-b8ca-04d7a2371345,0.0,,,,,,,,0.0,,,,,,1.0,1.0,1.0,0.0,,,1.0,,1.0,,0.0,1.0,1.0,,,1.0,0.0,,,1.0,,,1.0,,1.0,1.0,,,1.0,,0.0,,1.0,1.0,,1.0,,,,,,,,,1.0,1.0,0.0,1.0,,,0.0
d4cf30f2-c3f1-4150-9474-1bc637d68d99,0.0,0.0,,,,1.0,,,1.0,,,,,,1.0,1.0,,,,0.0,1.0,,,,0.0,0.0,,,,0.0,,,,1.0,1.0,,,,0.0,1.0,,0.0,0.0,0.0,,,1.0,1.0,,1.0,,,,,,,1.0,0.0,0.0,,1.0,0.0,,,0.0
d55bfa3d-aef4-492d-80aa-29df971d7b64,0.0,1.0,0.0,,,1.0,0.0,0.0,1.0,0.0,,,,1.0,,1.0,,0.0,,,,0.0,0.0,0.0,0.0,,1.0,,,,1.0,0.0,0.0,,,,,,,,,,0.0,,,,1.0,,,,,,,,,,1.0,1.0,1.0,0.0,0.0,,,,0.0
d8c7f27e-acc5-45fb-9fa2-23fe8bcd906e,0.0,,,,,,,,1.0,,,1.0,,,1.0,0.0,,0.0,0.0,,1.0,1.0,1.0,1.0,0.0,1.0,1.0,,,1.0,,0.0,,,,1.0,1.0,,,,,,0.0,1.0,1.0,0.0,,,,1.0,0.0,,,,,,0.0,1.0,,1.0,0.0,,,,1.0
dd471996-252d-4fe0-92ac-efcb2dcb79ad,0.0,1.0,,,,1.0,,,1.0,,,,,,,1.0,1.0,0.0,,,,,0.0,0.0,,1.0,1.0,,,1.0,0.0,,0.0,,,,,,1.0,,,,0.0,1.0,,,1.0,1.0,,,,1.0,1.0,,0.0,,0.0,1.0,1.0,,0.0,0.0,,,
e9613e43-7fd7-4957-8268-657661c3b482,,1.0,,,,1.0,1.0,,0.0,,0.0,0.0,,,,0.0,,0.0,0.0,,,,0.0,,0.0,,,,,1.0,0.0,0.0,,,1.0,0.0,,,1.0,,,,1.0,,,0.0,1.0,,,1.0,0.0,,,,,,0.0,1.0,,,0.0,1.0,,,0.0
ec3ccbf4-1717-4aad-adc5-68b91d150672,,0.0,,,,0.0,1.0,,1.0,,,,,,1.0,0.0,,,,1.0,1.0,,0.0,,,1.0,1.0,1.0,,0.0,0.0,,,,0.0,,,,,,,,0.0,,,,1.0,1.0,1.0,0.0,,1.0,,,,,0.0,0.0,0.0,1.0,,1.0,,,0.0
f093f10e-7a78-4267-9ab2-7d4319309723,0.0,1.0,,,,1.0,,,0.0,0.0,0.0,0.0,,0.0,,1.0,1.0,,,1.0,,,0.0,,0.0,1.0,0.0,,,0.0,0.0,0.0,,,,,,,1.0,,,,0.0,,,,1.0,,,1.0,,,,,,,0.0,1.0,0.0,0.0,0.0,1.0,,,0.0
f2f552e8-bf72-49b4-ae4f-6bf21f670326,,1.0,1.0,,,1.0,1.0,,0.0,,,,,,1.0,1.0,,1.0,1.0,,1.0,,,,,1.0,,,0.0,1.0,0.0,1.0,0.0,1.0,1.0,,0.0,,0.0,,,1.0,,,,,1.0,1.0,,1.0,,,,,,,0.0,0.0,1.0,,,,,,
f30a9716-c70a-4bd2-939c-ffa05172f4f4,,0.0,,,,,1.0,,0.0,,0.0,,,,1.0,1.0,,1.0,,,,,,,0.0,0.0,1.0,,1.0,0.0,1.0,,,,1.0,,1.0,,1.0,,1.0,,1.0,,,,0.0,0.0,,1.0,,,,,1.0,,0.0,1.0,1.0,1.0,1.0,1.0,0.0,,
f5d6e4ef-0fe8-4d2a-8ade-b8d32ad8e1f9,0.0,1.0,,1.0,,1.0,,0.0,1.0,,,1.0,,,0.0,,1.0,0.0,0.0,,,,,,0.0,0.0,0.0,,,1.0,1.0,0.0,,,0.0,,,,,,1.0,,,,0.0,0.0,1.0,0.0,1.0,0.0,,,,0.0,,,,0.0,,,,0.0,,,
f8a894d1-29d5-4b28-acdd-838394025e74,0.0,,,,,1.0,,,0.0,1.0,,0.0,,,,1.0,,0.0,,,,,0.0,1.0,0.0,1.0,0.0,0.0,,,,0.0,0.0,,,,,,,,,,0.0,0.0,0.0,,1.0,,,,,0.0,1.0,1.0,,,0.0,0.0,,1.0,0.0,,,,0.0
f9a70a46-45ab-45be-bdd2-2bfa0f0042f2,,0.0,,,,1.0,0.0,,1.0,,1.0,,,,,0.0,,1.0,,,,,1.0,,0.0,1.0,1.0,,,1.0,1.0,,0.0,,1.0,,,,1.0,0.0,,,1.0,,,1.0,0.0,,,,,,,1.0,,0.0,1.0,1.0,1.0,,1.0,,,,0.0
fa3f2d06-8c91-49cb-a924-57e800af3872,0.0,1.0,,,,,,0.0,1.0,1.0,,0.0,,,,1.0,,1.0,,,,0.0,0.0,0.0,0.0,1.0,,,,1.0,,,0.0,,,,,,,,,,0.0,1.0,1.0,0.0,1.0,1.0,,1.0,1.0,,,,,,0.0,1.0,1.0,1.0,,1.0,,,
fc258099-deb7-4faf-a481-2bd8d68781a6,0.0,,,,,1.0,1.0,,0.0,,,0.0,,,,1.0,,,,,,,0.0,,0.0,1.0,1.0,,,1.0,1.0,,0.0,1.0,1.0,,,,1.0,,1.0,1.0,1.0,,,,1.0,1.0,,1.0,,,,,1.0,,0.0,1.0,1.0,1.0,0.0,,,,
,0.0,0.0,0.0,0.0,0.0,0.0,0.0,0.0,0.0,1.0,0.0,0.0,0.0,0.0,0.0,0.0,0.0,0.0,0.0,,0.0,0.0,0.0,0.0,0.0,0.0,0.0,0.0,1.0,0.0,0.0,0.0,0.0,,0.0,0.0,1.0,0.0,0.0,0.0,0.0,1.0,0.0,1.0,0.0,0.0,0.0,0.0,0.0,0.0,0.0,0.0,0.0,1.0,0.0,0.0,0.0,0.0,0.0,1.0,0.0,0.0,0.0,,0.0
